  <container id="thinger" name="Thinger" default_x="0" default_y="164" default_visible="1">

   <groupdef id="thinger.content.group">
     <group id="wasabi.window"
       fitparent="1"
     />
     
     <button
       id="ScrollLeft"
       action="CB_PREV"
       x="0" y="0"
       h="36" w="15"
       image="wasabi.button.label.arrow.left"
       tooltip="Scroll Left"
       borders="1"
       center_image="1"
     />
     <button
       id="ScrollRight"
       action="CB_NEXT"
       x="-15" relatx="1" y="0"
       h="36" w="15"
       image="wasabi.button.label.arrow.right"
       tooltip="Scroll Right"
       borders="1"
       center_image="1"       
     />
     <componentbucket
       id="Component list"
       x="15" y="1"
       w="-30" relatw="1" h="54"
     />
     <!--

     -->
   </groupdef>

   <layout id="normal" default_h="90" default_w="275" maximum_h="90" minimum_h="84" minimum_w="275">

    <Wasabi:StandardFrame:Status
      x="0" y="0" w="0" h="0" relatw="1" relath="1" 
      content="thinger.content.group" 
    />
    <sendparams target="window.titlebar.title" default="Thinger"/>
    <sendparams target="window.top;window.bottom.bottom;window.bottom;" resize="0"/>
    <sendparams target="window.top.left;window.left;window.bottom.left.top;window.bottom.left;window.bottom.left.bottom;" resize="left"/>
    <sendparams target="window.top.right;window.right;window.bottom.right.top;window.bottom.right;window.bottom.right.bottom;window.resizer" resize="right"/>
    <text
      id="cbtext"
      display="componentbucket"
      x="15" y="55"
      w="-26" relatw="1" h="13"
      font="wasabi.font.default"
    />
    
   </layout>

  </container>